{"cameraMode":{"drawMode":0,"name":"Shaded","section":"Shading Mode"},"sceneLighting":true,"audioPlay":false,"sceneViewState":{"showFog":true,"showMaterialUpdate":false,"showSkybox":false,"showFlares":true,"showImageEffects":true,"showParticleSystems":true},"in2DMode":false,"pivot":{"x":-2.384185791015625e-7,"y":0.1399996280670166,"z":1.2200000286102296},"rotation":{"x":0.024410182610154153,"y":0.8518210053443909,"z":-0.03992327302694321,"w":0.5218093991279602},"size":8.002074241638184,"orthographic":false}